INSERT INTO questionnaire (id, code, title, description, time_limit_minutes) VALUES
('11111111-1111-1111-1111-111111111111','KLIMOV_DDO','Дифференциально-диагностический опросник Климова','Методика для выявления профессиональной направленности человека, основанная на его предпочтениях в отношении типов профессий. Методика помогает определить склонность к одной из пяти групп профессий по предмету труда: «человек — природа», «человек — техника», «человек — человек», «человек — знаковая система» и «человек — художественный образ»', '10');

INSERT INTO dimension (id, name, description, questionnaire_id) VALUES
(
 '11111111-1111-1111-1111-111111111201',
 'Человек-природа',
 'Склонность к профессиям, связанным с изучением, охраной и преобразованием живой и неживой природы: растений, животных, природных процессов и экосистем.',
 '11111111-1111-1111-1111-111111111111'
),
(
 '11111111-1111-1111-1111-111111111202',
 'Человек-техника',
 'Ориентация на работу с техническими объектами, механизмами, машинами и технологиями, а также их обслуживание, конструирование и эксплуатацию.',
 '11111111-1111-1111-1111-111111111111'
),
(
 '11111111-1111-1111-1111-111111111203',
 'Человек-человек',
 'Предрасположенность к профессиям, предполагающим активное взаимодействие с людьми: обучение, воспитание, помощь, управление, консультирование и обслуживание.',
 '11111111-1111-1111-1111-111111111111'
),
(
 '11111111-1111-1111-1111-111111111204',
 'Человек-знаковая система',
 'Склонность к деятельности, связанной с обработкой информации, знаков, символов, чисел, текстов, кодов и формальных систем.',
 '11111111-1111-1111-1111-111111111111'
),
(
 '11111111-1111-1111-1111-111111111205',
 'Человек-художественный образ',
 'Ориентация на творческие профессии, связанные с созданием, интерпретацией и восприятием художественных образов в искусстве и дизайне.',
 '11111111-1111-1111-1111-111111111111'
);


INSERT INTO question VALUES
('11111111-1111-1111-1111-111111112001',1,'Выберите одно из двух утверждений','11111111-1111-1111-1111-111111111111'),
('11111111-1111-1111-1111-111111112002',2,'Выберите одно из двух утверждений','11111111-1111-1111-1111-111111111111'),
('11111111-1111-1111-1111-111111112003',3,'Выберите одно из двух утверждений','11111111-1111-1111-1111-111111111111'),
('11111111-1111-1111-1111-111111112004',4,'Выберите одно из двух утверждений','11111111-1111-1111-1111-111111111111'),
('11111111-1111-1111-1111-111111112005',5,'Выберите одно из двух утверждений','11111111-1111-1111-1111-111111111111'),
('11111111-1111-1111-1111-111111112006',6,'Выберите одно из двух утверждений','11111111-1111-1111-1111-111111111111'),
('11111111-1111-1111-1111-111111112007',7,'Выберите одно из двух утверждений','11111111-1111-1111-1111-111111111111'),
('11111111-1111-1111-1111-111111112008',8,'Выберите одно из двух утверждений','11111111-1111-1111-1111-111111111111'),
('11111111-1111-1111-1111-111111112009',9,'Выберите одно из двух утверждений','11111111-1111-1111-1111-111111111111'),
('11111111-1111-1111-1111-111111112010',10,'Выберите одно из двух утверждений','11111111-1111-1111-1111-111111111111'),
('11111111-1111-1111-1111-111111112011',11,'Выберите одно из двух утверждений','11111111-1111-1111-1111-111111111111'),
('11111111-1111-1111-1111-111111112012',12,'Выберите одно из двух утверждений','11111111-1111-1111-1111-111111111111'),
('11111111-1111-1111-1111-111111112013',13,'Выберите одно из двух утверждений','11111111-1111-1111-1111-111111111111'),
('11111111-1111-1111-1111-111111112014',14,'Выберите одно из двух утверждений','11111111-1111-1111-1111-111111111111'),
('11111111-1111-1111-1111-111111112015',15,'Выберите одно из двух утверждений','11111111-1111-1111-1111-111111111111'),
('11111111-1111-1111-1111-111111112016',16,'Выберите одно из двух утверждений','11111111-1111-1111-1111-111111111111'),
('11111111-1111-1111-1111-111111112017',17,'Выберите одно из двух утверждений','11111111-1111-1111-1111-111111111111'),
('11111111-1111-1111-1111-111111112018',18,'Выберите одно из двух утверждений','11111111-1111-1111-1111-111111111111'),
('11111111-1111-1111-1111-111111112019',19,'Выберите одно из двух утверждений','11111111-1111-1111-1111-111111111111'),
('11111111-1111-1111-1111-111111112020',20,'Выберите одно из двух утверждений','11111111-1111-1111-1111-111111111111');

INSERT INTO answer_option VALUES
('11111111-1111-1111-1111-111111113001','a','Ухаживать животными','11111111-1111-1111-1111-111111112001','11111111-1111-1111-1111-111111111201'),
('11111111-1111-1111-1111-111111113002','b','Ремонтировать и настраивать компьютерную технику','11111111-1111-1111-1111-111111112001','11111111-1111-1111-1111-111111111202'),

('11111111-1111-1111-1111-111111113003','a','Лечить людей или оказывать психологическую помощь','11111111-1111-1111-1111-111111112002','11111111-1111-1111-1111-111111111203'),
('11111111-1111-1111-1111-111111113004','b','Разрабатывать компьютерные программы и алгоритмы','11111111-1111-1111-1111-111111112002','11111111-1111-1111-1111-111111111204'),

('11111111-1111-1111-1111-111111113005','a','Следить за качеством книжных иллюстраций','11111111-1111-1111-1111-111111112003','11111111-1111-1111-1111-111111111205'),
('11111111-1111-1111-1111-111111113006','b','Следить за развитием растений','11111111-1111-1111-1111-111111112003','11111111-1111-1111-1111-111111111201'),

('11111111-1111-1111-1111-111111113007','a','Делать декоративные предметы','11111111-1111-1111-1111-111111112004','11111111-1111-1111-1111-111111111202'),
('11111111-1111-1111-1111-111111113008','b','Доводить товары до потребителя','11111111-1111-1111-1111-111111112004','11111111-1111-1111-1111-111111111203'),

('11111111-1111-1111-1111-111111113009','a','Обсуждать научно-популярные книги','11111111-1111-1111-1111-111111112005','11111111-1111-1111-1111-111111111204'),
('11111111-1111-1111-1111-111111113010','b','Обсуждать художественные книги','11111111-1111-1111-1111-111111112005','11111111-1111-1111-1111-111111111205'),

('11111111-1111-1111-1111-111111113011','a','Разведение и дрессировка животных','11111111-1111-1111-1111-111111112006','11111111-1111-1111-1111-111111111201'),
('11111111-1111-1111-1111-111111113012','b','Быть фитнес-инструктором','11111111-1111-1111-1111-111111112006','11111111-1111-1111-1111-111111111203'),

('11111111-1111-1111-1111-111111113013','a','Копировать рисунки, изображения','11111111-1111-1111-1111-111111112007','11111111-1111-1111-1111-111111111205'),
('11111111-1111-1111-1111-111111113014','b','Управлять техникой','11111111-1111-1111-1111-111111112007','11111111-1111-1111-1111-111111111202'),

('11111111-1111-1111-1111-111111113015','a','Сообщать и разъяснять людям сведения','11111111-1111-1111-1111-111111112008','11111111-1111-1111-1111-111111111203'),
('11111111-1111-1111-1111-111111113016','b','Оформлять выставки и витрины','11111111-1111-1111-1111-111111112008','11111111-1111-1111-1111-111111111205'),

('11111111-1111-1111-1111-111111113017','a','Проверять работу офисного оборудования','11111111-1111-1111-1111-111111112009','11111111-1111-1111-1111-111111111202'),
('11111111-1111-1111-1111-111111113018','b','Проверять заполнение документов','11111111-1111-1111-1111-111111112009','11111111-1111-1111-1111-111111111204'),

('11111111-1111-1111-1111-111111113019','a','Лечить животных','11111111-1111-1111-1111-111111112010','11111111-1111-1111-1111-111111111201'),
('11111111-1111-1111-1111-111111113020','b','Выполнять расчеты','11111111-1111-1111-1111-111111112010','11111111-1111-1111-1111-111111111204'),

('11111111-1111-1111-1111-111111113021','a','Выводить новые сорта растений','11111111-1111-1111-1111-111111112011','11111111-1111-1111-1111-111111111201'),
('11111111-1111-1111-1111-111111113022','b','Совершенствовать оборудование','11111111-1111-1111-1111-111111112011','11111111-1111-1111-1111-111111111202'),

('11111111-1111-1111-1111-111111113023','a','Разбирать споры людей','11111111-1111-1111-1111-111111112012','11111111-1111-1111-1111-111111111203'),
('11111111-1111-1111-1111-111111113024','b','Разбираться в чертежах','11111111-1111-1111-1111-111111112012','11111111-1111-1111-1111-111111111204'),

('11111111-1111-1111-1111-111111113025','a','Придумывать сценарии и декорации','11111111-1111-1111-1111-111111112013','11111111-1111-1111-1111-111111111205'),
('11111111-1111-1111-1111-111111113026','b','Изучать микроорганизмы','11111111-1111-1111-1111-111111112013','11111111-1111-1111-1111-111111111201'),

('11111111-1111-1111-1111-111111113027','a','Обслуживать приборы и аппараты','11111111-1111-1111-1111-111111112014','11111111-1111-1111-1111-111111111202'),
('11111111-1111-1111-1111-111111113028','b','Оказывать медицинскую помощь','11111111-1111-1111-1111-111111112014','11111111-1111-1111-1111-111111111203'),

('11111111-1111-1111-1111-111111113029','a','Анализировать собранные данные','11111111-1111-1111-1111-111111112015','11111111-1111-1111-1111-111111111204'),
('11111111-1111-1111-1111-111111113030','b','Писать статьи и вести блог','11111111-1111-1111-1111-111111112015','11111111-1111-1111-1111-111111111205'),

('11111111-1111-1111-1111-111111113031','a','Выполнять лабораторные анализы','11111111-1111-1111-1111-111111112016','11111111-1111-1111-1111-111111111201'),
('11111111-1111-1111-1111-111111113032','b','Принимать и осматривать больных','11111111-1111-1111-1111-111111112016','11111111-1111-1111-1111-111111111203'),

('11111111-1111-1111-1111-111111113033','a','Роспись стен, художественная работа','11111111-1111-1111-1111-111111112017','11111111-1111-1111-1111-111111111205'),
('11111111-1111-1111-1111-111111113034','b','Ремонт автомобилей','11111111-1111-1111-1111-111111112017','11111111-1111-1111-1111-111111111202'),

('11111111-1111-1111-1111-111111113035','a','Подбирать и организовывать туризм','11111111-1111-1111-1111-111111112018','11111111-1111-1111-1111-111111111203'),
('11111111-1111-1111-1111-111111113036','b','Участвовать в театральных постановках','11111111-1111-1111-1111-111111112018','11111111-1111-1111-1111-111111111205'),

('11111111-1111-1111-1111-111111113037','a','Изготавливать изделия по чертежам','11111111-1111-1111-1111-111111112019','11111111-1111-1111-1111-111111111202'),
('11111111-1111-1111-1111-111111113038','b','Копировать чертежи','11111111-1111-1111-1111-111111112019','11111111-1111-1111-1111-111111111204'),

('11111111-1111-1111-1111-111111113039','a','Бороться с болезнями растений','11111111-1111-1111-1111-111111112020','11111111-1111-1111-1111-111111111201'),
('11111111-1111-1111-1111-111111113040','b','Разметка данных для ИИ','11111111-1111-1111-1111-111111112020','11111111-1111-1111-1111-111111111204');
